[
  {
    "region": "kantou",
    "prefectures": [
      {
        "name": "東京都",
        "slug": "area_tokyo",
        "url": "https://haji-s.com/kantou/area_tokyo",
        "count": 953,
        "cities": [
          {
            "name": "新宿・歌舞伎町・新大久保・高田馬場",
            "slug": "shinjuku",
            "url": "https://haji-s.com/kantou/area_tokyo/shinjuku",
            "count": 126
          },
          {
            "name": "池袋",
            "slug": "ikebukuro",
            "url": "https://haji-s.com/kantou/area_tokyo/ikebukuro",
            "count": 88
          },
          {
            "name": "巣鴨・大塚",
            "slug": "sugamo",
            "url": "https://haji-s.com/kantou/area_tokyo/sugamo",
            "count": 22
          },
          {
            "name": "赤羽・板橋",
            "slug": "akabane",
            "url": "https://haji-s.com/kantou/area_tokyo/akabane",
            "count": 40
          },
          {
            "name": "渋谷・恵比寿・目黒・中目黒・代々木",
            "slug": "shibuya",
            "url": "https://haji-s.com/kantou/area_tokyo/shibuya",
            "count": 99
          },
          {
            "name": "六本木・麻布・麻布十番",
            "slug": "roppongi",
            "url": "https://haji-s.com/kantou/area_tokyo/roppongi",
            "count": 39
          },
          {
            "name": "三軒茶屋・自由が丘・二子玉川",
            "slug": "sangenjaya-jiyugaoka",
            "url": "https://haji-s.com/kantou/area_tokyo/sangenjaya-jiyugaoka",
            "count": 29
          },
          {
            "name": "西日暮里・日暮里",
            "slug": "nishinitupori",
            "url": "https://haji-s.com/kantou/area_tokyo/nishinitupori",
            "count": 14
          },
          {
            "name": "上野・御徒町",
            "slug": "ueno",
            "url": "https://haji-s.com/kantou/area_tokyo/ueno",
            "count": 41
          },
          {
            "name": "神田・秋葉原",
            "slug": "kanda",
            "url": "https://haji-s.com/kantou/area_tokyo/kanda",
            "count": 59
          },
          {
            "name": "北千住・金町",
            "slug": "kitasenju",
            "url": "https://haji-s.com/kantou/area_tokyo/kitasenju",
            "count": 25
          },
          {
            "name": "水道橋・飯田橋",
            "slug": "suidobashi",
            "url": "https://haji-s.com/kantou/area_tokyo/suidobashi",
            "count": 8
          },
          {
            "name": "新橋・銀座",
            "slug": "shinbashi",
            "url": "https://haji-s.com/kantou/area_tokyo/shinbashi",
            "count": 83
          },
          {
            "name": "五反田・蒲田・大森・目黒",
            "slug": "gotanda",
            "url": "https://haji-s.com/kantou/area_tokyo/gotanda",
            "count": 66
          },
          {
            "name": "錦糸町・小岩",
            "slug": "kinshicho",
            "url": "https://haji-s.com/kantou/area_tokyo/kinshicho",
            "count": 53
          },
          {
            "name": "葛西・門前仲町",
            "slug": "kasai",
            "url": "https://haji-s.com/kantou/area_tokyo/kasai",
            "count": 30
          },
          {
            "name": "立川・八王子",
            "slug": "tachikawa",
            "url": "https://haji-s.com/kantou/area_tokyo/tachikawa",
            "count": 41
          },
          {
            "name": "調布・府中・国分寺",
            "slug": "chofu",
            "url": "https://haji-s.com/kantou/area_tokyo/chofu",
            "count": 27
          },
          {
            "name": "吉祥寺・中野・武蔵小金井",
            "slug": "nakano",
            "url": "https://haji-s.com/kantou/area_tokyo/nakano",
            "count": 38
          },
          {
            "name": "町田",
            "slug": "machida",
            "url": "https://haji-s.com/kantou/area_tokyo/machida",
            "count": 17
          },
          {
            "name": "その他西東京",
            "slug": "nishitokyo",
            "url": "https://haji-s.com/kantou/area_tokyo/nishitokyo",
            "count": 6
          },
          {
            "name": "東京その他",
            "slug": "tokyosonota",
            "url": "https://haji-s.com/kantou/area_tokyo/tokyosonota",
            "count": 11
          },
          {
            "name": "東京23区出張",
            "slug": "tokyonizyusanku",
            "url": "https://haji-s.com/kantou/area_tokyo/tokyonizyusanku",
            "count": 32
          },
          {
            "name": "経堂・下北沢",
            "slug": "kiyodo ・simokita",
            "url": "https://haji-s.com/kantou/area_tokyo/kiyodo%20%E3%83%BBsimokita",
            "count": 12
          },
          {
            "name": "四谷",
            "slug": "yotuya",
            "url": "https://haji-s.com/kantou/area_tokyo/yotuya",
            "count": 6
          },
          {
            "name": "練馬",
            "slug": "nerima",
            "url": "https://haji-s.com/kantou/area_tokyo/nerima",
            "count": 24
          },
          {
            "name": "両国",
            "slug": "rixyogoku",
            "url": "https://haji-s.com/kantou/area_tokyo/rixyogoku",
            "count": 3
          }
        ]
      },
      {
        "name": "神奈川県",
        "slug": "area_kanagawa",
        "url": "https://haji-s.com/kantou/area_kanagawa",
        "count": 203,
        "cities": [
          {
            "name": "横浜・新横浜",
            "slug": "yokohama",
            "url": "https://haji-s.com/kantou/area_kanagawa/yokohama",
            "count": 57
          },
          {
            "name": "関内・桜木町",
            "slug": "kannai",
            "url": "https://haji-s.com/kantou/area_kanagawa/kannai",
            "count": 38
          },
          {
            "name": "川崎・鶴見",
            "slug": "kawasaki",
            "url": "https://haji-s.com/kantou/area_kanagawa/kawasaki",
            "count": 30
          },
          {
            "name": "武蔵小杉・溝の口・登戸",
            "slug": "musashikosugi",
            "url": "https://haji-s.com/kantou/area_kanagawa/musashikosugi",
            "count": 34
          },
          {
            "name": "厚木・相模原・蛯名",
            "slug": "atugi",
            "url": "https://haji-s.com/kantou/area_kanagawa/atugi",
            "count": 27
          },
          {
            "name": "藤沢・平塚・小田原",
            "slug": "fujisawa",
            "url": "https://haji-s.com/kantou/area_kanagawa/fujisawa",
            "count": 26
          },
          {
            "name": "戸塚・横須賀",
            "slug": "totuka",
            "url": "https://haji-s.com/kantou/area_kanagawa/totuka",
            "count": 6
          },
          {
            "name": "その他神奈川",
            "slug": "sonotakanagawa",
            "url": "https://haji-s.com/kantou/area_kanagawa/sonotakanagawa",
            "count": 10
          }
        ]
      },
      {
        "name": "埼玉県",
        "slug": "area_saitama",
        "url": "https://haji-s.com/kantou/area_saitama",
        "count": 168,
        "cities": [
          {
            "name": "大宮・川口・浦和",
            "slug": "omiya",
            "url": "https://haji-s.com/kantou/area_saitama/omiya",
            "count": 74
          },
          {
            "name": "所沢・川越",
            "slug": "tokorozawa",
            "url": "https://haji-s.com/kantou/area_saitama/tokorozawa",
            "count": 35
          },
          {
            "name": "春日部・越谷・熊谷・草加",
            "slug": "kasukabe",
            "url": "https://haji-s.com/kantou/area_saitama/kasukabe",
            "count": 39
          },
          {
            "name": "志木・朝霞台",
            "slug": "shiki",
            "url": "https://haji-s.com/kantou/area_saitama/shiki",
            "count": 9
          },
          {
            "name": "その他",
            "slug": "sonota",
            "url": "https://haji-s.com/kantou/area_saitama/sonota",
            "count": 10
          },
          {
            "name": "蕨",
            "slug": "wrabi",
            "url": "https://haji-s.com/kantou/area_saitama/wrabi",
            "count": 4
          }
        ]
      },
      {
        "name": "千葉県",
        "slug": "area_chiba",
        "url": "https://haji-s.com/kantou/area_chiba",
        "count": 152,
        "cities": [
          {
            "name": "松戸・柏",
            "slug": "matsudo",
            "url": "https://haji-s.com/kantou/area_chiba/matsudo",
            "count": 42
          },
          {
            "name": "千葉市・千葉中央・栄町",
            "slug": "chibashi",
            "url": "https://haji-s.com/kantou/area_chiba/chibashi",
            "count": 42
          },
          {
            "name": "船橋・津田沼・本八幡・西船橋",
            "slug": "funabashi",
            "url": "https://haji-s.com/kantou/area_chiba/funabashi",
            "count": 53
          },
          {
            "name": "その他千葉",
            "slug": "sonotachiba",
            "url": "https://haji-s.com/kantou/area_chiba/sonotachiba",
            "count": 25
          }
        ]
      },
      {
        "name": "茨城県",
        "slug": "area_ibaraki",
        "url": "https://haji-s.com/kantou/area_ibaraki",
        "count": 55,
        "cities": [
          {
            "name": "水戸",
            "slug": "mito",
            "url": "https://haji-s.com/kantou/area_ibaraki/mito",
            "count": 20
          },
          {
            "name": "土浦・つくば",
            "slug": "tutiura",
            "url": "https://haji-s.com/kantou/area_ibaraki/tutiura",
            "count": 16
          },
          {
            "name": "茨城その他",
            "slug": "ibarakietc",
            "url": "https://haji-s.com/kantou/area_ibaraki/ibarakietc",
            "count": 19
          }
        ]
      },
      {
        "name": "栃木県",
        "slug": "area_tochigi",
        "url": "https://haji-s.com/kantou/area_tochigi",
        "count": 53,
        "cities": [
          {
            "name": "宇都宮・南宇都宮",
            "slug": "utsunomiya",
            "url": "https://haji-s.com/kantou/area_tochigi/utsunomiya",
            "count": 27
          },
          {
            "name": "小山・那須塩原",
            "slug": "koyama",
            "url": "https://haji-s.com/kantou/area_tochigi/koyama",
            "count": 17
          },
          {
            "name": "栃木その他",
            "slug": "tochigietc",
            "url": "https://haji-s.com/kantou/area_tochigi/tochigietc",
            "count": 10
          }
        ]
      },
      {
        "name": "群馬県",
        "slug": "area_gumma",
        "url": "https://haji-s.com/kantou/area_gumma",
        "count": 52,
        "cities": [
          {
            "name": "高崎・前橋",
            "slug": "takasaki",
            "url": "https://haji-s.com/kantou/area_gumma/takasaki",
            "count": 31
          },
          {
            "name": "伊勢崎",
            "slug": "isezaki",
            "url": "https://haji-s.com/kantou/area_gumma/isezaki",
            "count": 11
          },
          {
            "name": "新町",
            "slug": null,
            "url": null,
            "count": 0,
            "disabled": true
          },
          {
            "name": "大島町",
            "slug": null,
            "url": null,
            "count": 0,
            "disabled": true
          },
          {
            "name": "太田",
            "slug": "oota",
            "url": "https://haji-s.com/kantou/area_gumma/oota",
            "count": 6
          },
          {
            "name": "木崎",
            "slug": null,
            "url": null,
            "count": 0,
            "disabled": true
          },
          {
            "name": "国定",
            "slug": null,
            "url": null,
            "count": 0,
            "disabled": true
          },
          {
            "name": "藪塚",
            "slug": null,
            "url": null,
            "count": 0,
            "disabled": true
          },
          {
            "name": "井野",
            "slug": null,
            "url": null,
            "count": 0,
            "disabled": true
          },
          {
            "name": "西小泉",
            "slug": null,
            "url": null,
            "count": 0,
            "disabled": true
          },
          {
            "name": "群馬その他",
            "slug": "gunmaetc",
            "url": "https://haji-s.com/kantou/area_gumma/gunmaetc",
            "count": 4
          }
        ]
      }
    ]
  },
  {
    "region": "kansai",
    "prefectures": [
      {
        "name": "大阪府",
        "slug": "area_osaka",
        "url": "https://haji-s.com/kansai/area_osaka",
        "count": 577,
        "cities": [
          {
            "name": "梅田・東梅田・北新地",
            "slug": "umeda",
            "url": "https://haji-s.com/kansai/area_osaka/umeda",
            "count": 145
          },
          {
            "name": "福島",
            "slug": "fukushima",
            "url": "https://haji-s.com/kansai/area_osaka/fukushima",
            "count": 6
          },
          {
            "name": "京橋・桜ノ宮・都島",
            "slug": "kyobashi",
            "url": "https://haji-s.com/kansai/area_osaka/kyobashi",
            "count": 40
          },
          {
            "name": "天満・南森町・北浜",
            "slug": "tenman",
            "url": "https://haji-s.com/kansai/area_osaka/tenman",
            "count": 18
          },
          {
            "name": "北浜・淀屋橋・肥後橋",
            "slug": "kitahama",
            "url": "https://haji-s.com/kansai/area_osaka/kitahama",
            "count": 4
          },
          {
            "name": "堺筋本町・本町・阿波座",
            "slug": "sakaisujihonmachi",
            "url": "https://haji-s.com/kansai/area_osaka/sakaisujihonmachi",
            "count": 142
          },
          {
            "name": "心斎橋・堀江・新町",
            "slug": "shinsaibashi",
            "url": "https://haji-s.com/kansai/area_osaka/shinsaibashi",
            "count": 29
          },
          {
            "name": "南船場・松屋町・長堀橋",
            "slug": "minamisenba",
            "url": "https://haji-s.com/kansai/area_osaka/minamisenba",
            "count": 30
          },
          {
            "name": "難波・日本橋・桜川",
            "slug": "nipponbashi",
            "url": "https://haji-s.com/kansai/area_osaka/nipponbashi",
            "count": 210
          },
          {
            "name": "八尾・東大阪",
            "slug": "yao",
            "url": "https://haji-s.com/kansai/area_osaka/yao",
            "count": 2
          },
          {
            "name": "守口・枚方・門真",
            "slug": "hirakata",
            "url": "https://haji-s.com/kansai/area_osaka/hirakata",
            "count": 7
          },
          {
            "name": "和泉・泉大津・泉南・岸和田",
            "slug": "izumiootsu",
            "url": "https://haji-s.com/kansai/area_osaka/izumiootsu",
            "count": 10
          },
          {
            "name": "堺・堺東",
            "slug": "sakai",
            "url": "https://haji-s.com/kansai/area_osaka/sakai",
            "count": 38
          },
          {
            "name": "大阪市内その他",
            "slug": "osaka-sonota",
            "url": "https://haji-s.com/kansai/area_osaka/osaka-sonota",
            "count": 7
          },
          {
            "name": "十三・西中島・新大阪・東三国",
            "slug": "juso",
            "url": "https://haji-s.com/kansai/area_osaka/juso",
            "count": 70
          },
          {
            "name": "天王寺・寺田町・花園町",
            "slug": "tennoji",
            "url": "https://haji-s.com/kansai/area_osaka/tennoji",
            "count": 8
          },
          {
            "name": "谷九・鶴橋・上本町",
            "slug": "tanikyu",
            "url": "https://haji-s.com/kansai/area_osaka/tanikyu",
            "count": 53
          },
          {
            "name": "谷四・谷六・天満橋",
            "slug": "taniyon",
            "url": "https://haji-s.com/kansai/area_osaka/taniyon",
            "count": 6
          },
          {
            "name": "その他",
            "slug": "sonota",
            "url": "https://haji-s.com/kansai/area_osaka/sonota",
            "count": 10
          }
        ]
      },
      {
        "name": "兵庫県",
        "slug": "area_hyogo",
        "url": "https://haji-s.com/kansai/area_hyogo",
        "count": 134,
        "cities": [
          {
            "name": "神戸・三宮",
            "slug": "kobe",
            "url": "https://haji-s.com/kansai/area_hyogo/kobe",
            "count": 75
          },
          {
            "name": "元町",
            "slug": "motomati",
            "url": "https://haji-s.com/kansai/area_hyogo/motomati",
            "count": 2
          },
          {
            "name": "尼崎",
            "slug": "amagasaki",
            "url": "https://haji-s.com/kansai/area_hyogo/amagasaki",
            "count": 11
          },
          {
            "name": "福原",
            "slug": "fukuhara",
            "url": "https://haji-s.com/kansai/area_hyogo/fukuhara",
            "count": 1
          },
          {
            "name": "県庁前",
            "slug": "kenntixyomae",
            "url": "https://haji-s.com/kansai/area_hyogo/kenntixyomae",
            "count": 1
          },
          {
            "name": "芦屋",
            "slug": "asiya",
            "url": "https://haji-s.com/kansai/area_hyogo/asiya",
            "count": 1
          },
          {
            "name": "宝塚",
            "slug": null,
            "url": null,
            "count": 0,
            "disabled": true
          },
          {
            "name": "兵庫",
            "slug": null,
            "url": null,
            "count": 0,
            "disabled": true
          },
          {
            "name": "神戸出張",
            "slug": "koube",
            "url": "https://haji-s.com/kansai/area_hyogo/koube",
            "count": 1
          },
          {
            "name": "姫路",
            "slug": "himeji",
            "url": "https://haji-s.com/kansai/area_hyogo/himeji",
            "count": 37
          },
          {
            "name": "明石・西明石",
            "slug": "akasi",
            "url": "https://haji-s.com/kansai/area_hyogo/akasi",
            "count": 13
          },
          {
            "name": "加古川・東加古川",
            "slug": "kakogawa",
            "url": "https://haji-s.com/kansai/area_hyogo/kakogawa",
            "count": 2
          },
          {
            "name": "その他",
            "slug": null,
            "url": null,
            "count": 0,
            "disabled": true
          }
        ]
      },
      {
        "name": "京都府",
        "slug": "area_kyoto",
        "url": "https://haji-s.com/kansai/area_kyoto",
        "count": 119,
        "cities": [
          {
            "name": "祇園・河原町・木屋町",
            "slug": "gion",
            "url": "https://haji-s.com/kansai/area_kyoto/gion",
            "count": 26
          },
          {
            "name": "京都駅・伏見・南インター",
            "slug": "fushimi",
            "url": "https://haji-s.com/kansai/area_kyoto/fushimi",
            "count": 74
          },
          {
            "name": "烏丸・烏丸五条",
            "slug": "karasuma",
            "url": "https://haji-s.com/kansai/area_kyoto/karasuma",
            "count": 24
          },
          {
            "name": "四条・四条大宮",
            "slug": "sizyo",
            "url": "https://haji-s.com/kansai/area_kyoto/sizyo",
            "count": 17
          },
          {
            "name": "京都出張",
            "slug": "kixyoto",
            "url": "https://haji-s.com/kansai/area_kyoto/kixyoto",
            "count": 5
          },
          {
            "name": "その他",
            "slug": "sonota",
            "url": "https://haji-s.com/kansai/area_kyoto/sonota",
            "count": 3
          },
          {
            "name": "二条",
            "slug": "niziyo",
            "url": "https://haji-s.com/kansai/area_kyoto/niziyo",
            "count": 5
          }
        ]
      },
      {
        "name": "滋賀県",
        "slug": "area_shiga",
        "url": "https://haji-s.com/kansai/area_shiga",
        "count": 13,
        "cities": [
          {
            "name": "滋賀・雄琴",
            "slug": "ogoto",
            "url": "https://haji-s.com/kansai/area_shiga/ogoto",
            "count": 5
          },
          {
            "name": "草津",
            "slug": "kusatu",
            "url": "https://haji-s.com/kansai/area_shiga/kusatu",
            "count": 7
          },
          {
            "name": "南草津",
            "slug": null,
            "url": null,
            "count": 0,
            "disabled": true
          },
          {
            "name": "その他",
            "slug": "sonota",
            "url": "https://haji-s.com/kansai/area_shiga/sonota",
            "count": 2
          }
        ]
      },
      {
        "name": "奈良県",
        "slug": "area_nara",
        "url": "https://haji-s.com/kansai/area_nara",
        "count": 27,
        "cities": [
          {
            "name": "奈良",
            "slug": "nara",
            "url": "https://haji-s.com/kansai/area_nara/nara",
            "count": 16
          },
          {
            "name": "生駒",
            "slug": "ikoma",
            "url": "https://haji-s.com/kansai/area_nara/ikoma",
            "count": 5
          },
          {
            "name": "新大宮",
            "slug": "sinoomiya",
            "url": "https://haji-s.com/kansai/area_nara/sinoomiya",
            "count": 5
          },
          {
            "name": "大和八木",
            "slug": "yamatoyagi",
            "url": "https://haji-s.com/kansai/area_nara/yamatoyagi",
            "count": 3
          },
          {
            "name": "近鉄二階堂",
            "slug": null,
            "url": null,
            "count": 0,
            "disabled": true
          },
          {
            "name": "伊賀上野",
            "slug": null,
            "url": null,
            "count": 0,
            "disabled": true
          },
          {
            "name": "高田市",
            "slug": "takadasi",
            "url": "https://haji-s.com/kansai/area_nara/takadasi",
            "count": 1
          },
          {
            "name": "橿原神宮",
            "slug": "kasiharazingu",
            "url": "https://haji-s.com/kansai/area_nara/kasiharazingu",
            "count": 5
          },
          {
            "name": "木津",
            "slug": null,
            "url": null,
            "count": 0,
            "disabled": true
          },
          {
            "name": "田原本",
            "slug": "taharamoto",
            "url": "https://haji-s.com/kansai/area_nara/taharamoto",
            "count": 1
          },
          {
            "name": "その他",
            "slug": null,
            "url": null,
            "count": 0,
            "disabled": true
          }
        ]
      },
      {
        "name": "和歌山県",
        "slug": "area_wakayama",
        "url": "https://haji-s.com/kansai/area_wakayama",
        "count": 17,
        "cities": [
          {
            "name": "和歌山",
            "slug": "wakayama",
            "url": "https://haji-s.com/kansai/area_wakayama/wakayama",
            "count": 16
          },
          {
            "name": "田中口",
            "slug": "tanakafguti",
            "url": "https://haji-s.com/kansai/area_wakayama/tanakafguti",
            "count": 2
          },
          {
            "name": "その他",
            "slug": "sonota",
            "url": "https://haji-s.com/kansai/area_wakayama/sonota",
            "count": 3
          }
        ]
      }
    ]
  },
  {
    "region": "tokai",
    "prefectures": [
      {
        "name": "愛知県",
        "slug": "area_aichi",
        "url": "https://haji-s.com/tokai/area_aichi",
        "count": 158,
        "cities": [
          {
            "name": "名駅・納屋橋",
            "slug": "meieki",
            "url": "https://haji-s.com/tokai/area_aichi/meieki",
            "count": 31
          },
          {
            "name": "その他",
            "slug": "sonota",
            "url": "https://haji-s.com/tokai/area_aichi/sonota",
            "count": 2
          },
          {
            "name": "刈谷・安城・豊田・岡崎・豊橋",
            "slug": "kariya",
            "url": "https://haji-s.com/tokai/area_aichi/kariya",
            "count": 30
          },
          {
            "name": "尾張・一宮・春日井",
            "slug": "owari",
            "url": "https://haji-s.com/tokai/area_aichi/owari",
            "count": 15
          },
          {
            "name": "金山・熱田",
            "slug": "kanayama",
            "url": "https://haji-s.com/tokai/area_aichi/kanayama",
            "count": 13
          },
          {
            "name": "大曽根・黒川",
            "slug": "ozone",
            "url": "https://haji-s.com/tokai/area_aichi/ozone",
            "count": 3
          },
          {
            "name": "千種・今池・池下",
            "slug": "chikusa",
            "url": "https://haji-s.com/tokai/area_aichi/chikusa",
            "count": 12
          },
          {
            "name": "新栄町・東新町",
            "slug": "shinsakaemachi",
            "url": "https://haji-s.com/tokai/area_aichi/shinsakaemachi",
            "count": 17
          },
          {
            "name": "大須・上前津・鶴舞",
            "slug": "oosu",
            "url": "https://haji-s.com/tokai/area_aichi/oosu",
            "count": 2
          },
          {
            "name": "栄",
            "slug": "sakae",
            "url": "https://haji-s.com/tokai/area_aichi/sakae",
            "count": 26
          },
          {
            "name": "錦・伏見",
            "slug": "nishiki",
            "url": "https://haji-s.com/tokai/area_aichi/nishiki",
            "count": 33
          },
          {
            "name": "高岳・泉",
            "slug": "takaoka",
            "url": "https://haji-s.com/tokai/area_aichi/takaoka",
            "count": 9
          },
          {
            "name": "丸の内・久屋",
            "slug": "hisaya",
            "url": "https://haji-s.com/tokai/area_aichi/hisaya",
            "count": 5
          }
        ]
      },
      {
        "name": "静岡県",
        "slug": "area_shizuoka",
        "url": "https://haji-s.com/tokai/area_shizuoka",
        "count": 64,
        "cities": [
          {
            "name": "静岡・浜松・沼津",
            "slug": "hamamatsu",
            "url": "https://haji-s.com/tokai/area_shizuoka/hamamatsu",
            "count": 62
          },
          {
            "name": "その他",
            "slug": "sonota",
            "url": "https://haji-s.com/tokai/area_shizuoka/sonota",
            "count": 2
          }
        ]
      },
      {
        "name": "岐阜県",
        "slug": "area_gifu",
        "url": "https://haji-s.com/tokai/area_gifu",
        "count": 25,
        "cities": [
          {
            "name": "岐阜・岐南・西岐阜",
            "slug": "gifu",
            "url": "https://haji-s.com/tokai/area_gifu/gifu",
            "count": 20
          },
          {
            "name": "那加",
            "slug": "naka",
            "url": "https://haji-s.com/tokai/area_gifu/naka",
            "count": 1
          },
          {
            "name": "笠松",
            "slug": "kasamatu",
            "url": "https://haji-s.com/tokai/area_gifu/kasamatu",
            "count": 1
          },
          {
            "name": "六軒",
            "slug": null,
            "url": null,
            "count": 0,
            "disabled": true
          },
          {
            "name": "多治見",
            "slug": "tazimi",
            "url": "https://haji-s.com/tokai/area_gifu/tazimi",
            "count": 2
          },
          {
            "name": "犬山",
            "slug": null,
            "url": null,
            "count": 0,
            "disabled": true
          },
          {
            "name": "長森",
            "slug": "nagamori",
            "url": "https://haji-s.com/tokai/area_gifu/nagamori",
            "count": 1
          },
          {
            "name": "細畑",
            "slug": null,
            "url": null,
            "count": 0,
            "disabled": true
          },
          {
            "name": "柳津",
            "slug": null,
            "url": null,
            "count": 0,
            "disabled": true
          },
          {
            "name": "その他",
            "slug": null,
            "url": null,
            "count": 0,
            "disabled": true
          }
        ]
      },
      {
        "name": "三重県",
        "slug": "area_mie",
        "url": "https://haji-s.com/tokai/area_mie",
        "count": 23,
        "cities": [
          {
            "name": "三重・四日市・松阪市",
            "slug": "mie",
            "url": "https://haji-s.com/tokai/area_mie/mie",
            "count": 23
          },
          {
            "name": "高茶屋",
            "slug": "takatixyaya",
            "url": "https://haji-s.com/tokai/area_mie/takatixyaya",
            "count": 1
          },
          {
            "name": "松ヶ崎",
            "slug": null,
            "url": null,
            "count": 0,
            "disabled": true
          },
          {
            "name": "磯山",
            "slug": null,
            "url": null,
            "count": 0,
            "disabled": true
          },
          {
            "name": "阿漕",
            "slug": null,
            "url": null,
            "count": 0,
            "disabled": true
          },
          {
            "name": "その他",
            "slug": "sonota",
            "url": "https://haji-s.com/tokai/area_mie/sonota",
            "count": 1
          }
        ]
      }
    ]
  },
  {
    "region": "hokkaidotohoku",
    "prefectures": [
      {
        "name": "北海道",
        "slug": "area_hokkaido",
        "url": "https://haji-s.com/hokkaidotohoku/area_hokkaido",
        "count": 244,
        "cities": [
          {
            "name": "すすきの・大通",
            "slug": "susukino",
            "url": "https://haji-s.com/hokkaidotohoku/area_hokkaido/susukino",
            "count": 161
          },
          {
            "name": "帯広",
            "slug": "obihiro",
            "url": "https://haji-s.com/hokkaidotohoku/area_hokkaido/obihiro",
            "count": 5
          },
          {
            "name": "旭川",
            "slug": "asahikawa",
            "url": "https://haji-s.com/hokkaidotohoku/area_hokkaido/asahikawa",
            "count": 15
          },
          {
            "name": "小樽・岩見沢・江別",
            "slug": null,
            "url": null,
            "count": 0,
            "disabled": true
          },
          {
            "name": "千歳・苫小牧",
            "slug": "chitose",
            "url": "https://haji-s.com/hokkaidotohoku/area_hokkaido/chitose",
            "count": 8
          },
          {
            "name": "清田区・厚別区",
            "slug": "kiyotaku",
            "url": "https://haji-s.com/hokkaidotohoku/area_hokkaido/kiyotaku",
            "count": 2
          },
          {
            "name": "白石区・豊平区・南区",
            "slug": "shiroishiku",
            "url": "https://haji-s.com/hokkaidotohoku/area_hokkaido/shiroishiku",
            "count": 13
          },
          {
            "name": "西区・手稲区",
            "slug": "nishiku",
            "url": "https://haji-s.com/hokkaidotohoku/area_hokkaido/nishiku",
            "count": 2
          },
          {
            "name": "札幌駅・北区・東区",
            "slug": "sapporo",
            "url": "https://haji-s.com/hokkaidotohoku/area_hokkaido/sapporo",
            "count": 40
          },
          {
            "name": "その他",
            "slug": "sonota",
            "url": "https://haji-s.com/hokkaidotohoku/area_hokkaido/sonota",
            "count": 19
          }
        ]
      },
      {
        "name": "青森県",
        "slug": "area_aomori",
        "url": "https://haji-s.com/hokkaidotohoku/area_aomori",
        "count": 11,
        "cities": [
          {
            "name": "青森",
            "slug": "aomori",
            "url": "https://haji-s.com/hokkaidotohoku/area_aomori/aomori",
            "count": 5
          },
          {
            "name": "その他",
            "slug": "sonota",
            "url": "https://haji-s.com/hokkaidotohoku/area_aomori/sonota",
            "count": 6
          }
        ]
      },
      {
        "name": "岩手県",
        "slug": "area_iwate",
        "url": "https://haji-s.com/hokkaidotohoku/area_iwate",
        "count": 12,
        "cities": [
          {
            "name": "岩手",
            "slug": null,
            "url": null,
            "count": 0,
            "disabled": true
          },
          {
            "name": "盛岡",
            "slug": "morioka",
            "url": "https://haji-s.com/hokkaidotohoku/area_iwate/morioka",
            "count": 10
          },
          {
            "name": "北上",
            "slug": "kitagami",
            "url": "https://haji-s.com/hokkaidotohoku/area_iwate/kitagami",
            "count": 2
          },
          {
            "name": "一ノ関",
            "slug": null,
            "url": null,
            "count": 0,
            "disabled": true
          },
          {
            "name": "その他",
            "slug": null,
            "url": null,
            "count": 0,
            "disabled": true
          }
        ]
      },
      {
        "name": "宮城県",
        "slug": "area_miyagi",
        "url": "https://haji-s.com/hokkaidotohoku/area_miyagi",
        "count": 123,
        "cities": [
          {
            "name": "仙台",
            "slug": "sendai",
            "url": "https://haji-s.com/hokkaidotohoku/area_miyagi/sendai",
            "count": 120
          },
          {
            "name": "古川・名取・岩沼",
            "slug": "furukawa",
            "url": "https://haji-s.com/hokkaidotohoku/area_miyagi/furukawa",
            "count": 1
          },
          {
            "name": "広瀬通り",
            "slug": "hirose",
            "url": "https://haji-s.com/hokkaidotohoku/area_miyagi/hirose",
            "count": 4
          },
          {
            "name": "勾当台公園",
            "slug": "koutoudai",
            "url": "https://haji-s.com/hokkaidotohoku/area_miyagi/koutoudai",
            "count": 3
          },
          {
            "name": "大町西公園",
            "slug": "oomatinisi",
            "url": "https://haji-s.com/hokkaidotohoku/area_miyagi/oomatinisi",
            "count": 2
          },
          {
            "name": "青葉通",
            "slug": null,
            "url": null,
            "count": 0,
            "disabled": true
          },
          {
            "name": "卸町",
            "slug": null,
            "url": null,
            "count": 0,
            "disabled": true
          },
          {
            "name": "北四番丁",
            "slug": null,
            "url": null,
            "count": 0,
            "disabled": true
          },
          {
            "name": "その他",
            "slug": null,
            "url": null,
            "count": 0,
            "disabled": true
          }
        ]
      },
      {
        "name": "秋田県",
        "slug": "area_akita",
        "url": "https://haji-s.com/hokkaidotohoku/area_akita",
        "count": 4,
        "cities": [
          {
            "name": "秋田",
            "slug": "akita",
            "url": "https://haji-s.com/hokkaidotohoku/area_akita/akita",
            "count": 4
          },
          {
            "name": "その他",
            "slug": null,
            "url": null,
            "count": 0,
            "disabled": true
          }
        ]
      },
      {
        "name": "山形県",
        "slug": "area_yamagata",
        "url": "https://haji-s.com/hokkaidotohoku/area_yamagata",
        "count": 29,
        "cities": [
          {
            "name": "山形",
            "slug": "yamagata",
            "url": "https://haji-s.com/hokkaidotohoku/area_yamagata/yamagata",
            "count": 29
          },
          {
            "name": "高擶",
            "slug": null,
            "url": null,
            "count": 0,
            "disabled": true
          },
          {
            "name": "その他",
            "slug": null,
            "url": null,
            "count": 0,
            "disabled": true
          }
        ]
      },
      {
        "name": "福島県",
        "slug": "area_fukushima",
        "url": "https://haji-s.com/hokkaidotohoku/area_fukushima",
        "count": 42,
        "cities": [
          {
            "name": "福島",
            "slug": "fukushima",
            "url": "https://haji-s.com/hokkaidotohoku/area_fukushima/fukushima",
            "count": 20
          },
          {
            "name": "郡山",
            "slug": "kooriyama",
            "url": "https://haji-s.com/hokkaidotohoku/area_fukushima/kooriyama",
            "count": 17
          },
          {
            "name": "新白河",
            "slug": "sinsirakawa",
            "url": "https://haji-s.com/hokkaidotohoku/area_fukushima/sinsirakawa",
            "count": 3
          },
          {
            "name": "いわき",
            "slug": "iwaki",
            "url": "https://haji-s.com/hokkaidotohoku/area_fukushima/iwaki",
            "count": 6
          },
          {
            "name": "その他",
            "slug": "sonota",
            "url": "https://haji-s.com/hokkaidotohoku/area_fukushima/sonota",
            "count": 2
          }
        ]
      }
    ]
  },
  {
    "region": "koshinetuhokuriku",
    "prefectures": [
      {
        "name": "長野県",
        "slug": "area_nagano",
        "url": "https://haji-s.com/koshinetuhokuriku/area_nagano",
        "count": 21,
        "cities": [
          {
            "name": "長野・松本",
            "slug": "nagano",
            "url": "https://haji-s.com/koshinetuhokuriku/area_nagano/nagano",
            "count": 18
          },
          {
            "name": "その他",
            "slug": "sonota",
            "url": "https://haji-s.com/koshinetuhokuriku/area_nagano/sonota",
            "count": 3
          }
        ]
      },
      {
        "name": "新潟県",
        "slug": "area_niigata",
        "url": "https://haji-s.com/koshinetuhokuriku/area_niigata",
        "count": 36,
        "cities": [
          {
            "name": "新潟・長岡",
            "slug": "niigata",
            "url": "https://haji-s.com/koshinetuhokuriku/area_niigata/niigata",
            "count": 32
          },
          {
            "name": "東新潟",
            "slug": null,
            "url": null,
            "count": 0,
            "disabled": true
          },
          {
            "name": "越後石山",
            "slug": null,
            "url": null,
            "count": 0,
            "disabled": true
          },
          {
            "name": "その他",
            "slug": "sonota",
            "url": "https://haji-s.com/koshinetuhokuriku/area_niigata/sonota",
            "count": 4
          }
        ]
      },
      {
        "name": "富山県",
        "slug": "area_toyama",
        "url": "https://haji-s.com/koshinetuhokuriku/area_toyama",
        "count": 32,
        "cities": [
          {
            "name": "富山・高岳",
            "slug": "toyama",
            "url": "https://haji-s.com/koshinetuhokuriku/area_toyama/toyama",
            "count": 26
          },
          {
            "name": "高岡・新高岡",
            "slug": "takaoka",
            "url": "https://haji-s.com/koshinetuhokuriku/area_toyama/takaoka",
            "count": 4
          },
          {
            "name": "大泉",
            "slug": null,
            "url": null,
            "count": 0,
            "disabled": true
          },
          {
            "name": "広小路",
            "slug": null,
            "url": null,
            "count": 0,
            "disabled": true
          },
          {
            "name": "小泉町",
            "slug": "koizumitiyo",
            "url": "https://haji-s.com/koshinetuhokuriku/area_toyama/koizumitiyo",
            "count": 1
          },
          {
            "name": "上堀",
            "slug": "uwahori",
            "url": "https://haji-s.com/koshinetuhokuriku/area_toyama/uwahori",
            "count": 1
          },
          {
            "name": "栄町",
            "slug": "sakaityo",
            "url": "https://haji-s.com/koshinetuhokuriku/area_toyama/sakaityo",
            "count": 1
          },
          {
            "name": "その他",
            "slug": "sonota",
            "url": "https://haji-s.com/koshinetuhokuriku/area_toyama/sonota",
            "count": 2
          }
        ]
      },
      {
        "name": "石川県",
        "slug": "area_ishikawa",
        "url": "https://haji-s.com/koshinetuhokuriku/area_ishikawa",
        "count": 50,
        "cities": [
          {
            "name": "石川・金沢",
            "slug": "ishikawa",
            "url": "https://haji-s.com/koshinetuhokuriku/area_ishikawa/ishikawa",
            "count": 50
          },
          {
            "name": "馬替駅",
            "slug": "umakaeeki",
            "url": "https://haji-s.com/koshinetuhokuriku/area_ishikawa/umakaeeki",
            "count": 1
          },
          {
            "name": "西和泉",
            "slug": "nisiizumi",
            "url": "https://haji-s.com/koshinetuhokuriku/area_ishikawa/nisiizumi",
            "count": 1
          },
          {
            "name": "その他",
            "slug": "sonota",
            "url": "https://haji-s.com/koshinetuhokuriku/area_ishikawa/sonota",
            "count": 1
          }
        ]
      },
      {
        "name": "福井県",
        "slug": "area_fukui",
        "url": "https://haji-s.com/koshinetuhokuriku/area_fukui",
        "count": 10,
        "cities": [
          {
            "name": "福井・片町",
            "slug": "fukui",
            "url": "https://haji-s.com/koshinetuhokuriku/area_fukui/fukui",
            "count": 10
          },
          {
            "name": "開発",
            "slug": null,
            "url": null,
            "count": 0,
            "disabled": true
          },
          {
            "name": "越前新保",
            "slug": null,
            "url": null,
            "count": 0,
            "disabled": true
          },
          {
            "name": "高木",
            "slug": null,
            "url": null,
            "count": 0,
            "disabled": true
          },
          {
            "name": "その他",
            "slug": null,
            "url": null,
            "count": 0,
            "disabled": true
          }
        ]
      },
      {
        "name": "山梨県",
        "slug": "area_yamanashi",
        "url": "https://haji-s.com/koshinetuhokuriku/area_yamanashi",
        "count": 5,
        "cities": [
          {
            "name": "山梨・甲府",
            "slug": "yamanashi",
            "url": "https://haji-s.com/koshinetuhokuriku/area_yamanashi/yamanashi",
            "count": 5
          },
          {
            "name": "その他",
            "slug": null,
            "url": null,
            "count": 0,
            "disabled": true
          }
        ]
      }
    ]
  },
  {
    "region": "chugokushikoku",
    "prefectures": [
      {
        "name": "広島県",
        "slug": "area_hiroshima",
        "url": "https://haji-s.com/chugokushikoku/area_hiroshima",
        "count": 80,
        "cities": [
          {
            "name": "広島市",
            "slug": "hiroshima",
            "url": "https://haji-s.com/chugokushikoku/area_hiroshima/hiroshima",
            "count": 68
          },
          {
            "name": "東広島市",
            "slug": "hogashihiroshima",
            "url": "https://haji-s.com/chugokushikoku/area_hiroshima/hogashihiroshima",
            "count": 5
          },
          {
            "name": "呉市",
            "slug": "kure",
            "url": "https://haji-s.com/chugokushikoku/area_hiroshima/kure",
            "count": 2
          },
          {
            "name": "福山市",
            "slug": "fukuyama",
            "url": "https://haji-s.com/chugokushikoku/area_hiroshima/fukuyama",
            "count": 10
          },
          {
            "name": "広島県その他",
            "slug": "hiroshimaetc",
            "url": "https://haji-s.com/chugokushikoku/area_hiroshima/hiroshimaetc",
            "count": 2
          },
          {
            "name": "その他",
            "slug": "sonota",
            "url": "https://haji-s.com/chugokushikoku/area_hiroshima/sonota",
            "count": 2
          }
        ]
      },
      {
        "name": "愛媛県",
        "slug": "area_ehime",
        "url": "https://haji-s.com/chugokushikoku/area_ehime",
        "count": 18,
        "cities": [
          {
            "name": "松山市",
            "slug": "matsuyama",
            "url": "https://haji-s.com/chugokushikoku/area_ehime/matsuyama",
            "count": 15
          },
          {
            "name": "伊予三島",
            "slug": "iyomisima",
            "url": "https://haji-s.com/chugokushikoku/area_ehime/iyomisima",
            "count": 1
          },
          {
            "name": "大街道",
            "slug": "ookaidou",
            "url": "https://haji-s.com/chugokushikoku/area_ehime/ookaidou",
            "count": 1
          },
          {
            "name": "本町",
            "slug": null,
            "url": null,
            "count": 0,
            "disabled": true
          },
          {
            "name": "いよ立花",
            "slug": null,
            "url": null,
            "count": 0,
            "disabled": true
          },
          {
            "name": "新居浜",
            "slug": "sinkixyohama",
            "url": "https://haji-s.com/chugokushikoku/area_ehime/sinkixyohama",
            "count": 2
          },
          {
            "name": "本町３丁目",
            "slug": null,
            "url": null,
            "count": 0,
            "disabled": true
          },
          {
            "name": "勝山町",
            "slug": null,
            "url": null,
            "count": 0,
            "disabled": true
          },
          {
            "name": "朝生田町",
            "slug": null,
            "url": null,
            "count": 0,
            "disabled": true
          },
          {
            "name": "南予エリア",
            "slug": null,
            "url": null,
            "count": 0,
            "disabled": true
          },
          {
            "name": "東予エリア",
            "slug": null,
            "url": null,
            "count": 0,
            "disabled": true
          },
          {
            "name": "道後エリア",
            "slug": null,
            "url": null,
            "count": 0,
            "disabled": true
          },
          {
            "name": "その他",
            "slug": null,
            "url": null,
            "count": 0,
            "disabled": true
          }
        ]
      },
      {
        "name": "高知県",
        "slug": "area_kochi",
        "url": "https://haji-s.com/chugokushikoku/area_kochi",
        "count": 1,
        "cities": [
          {
            "name": "高知市",
            "slug": null,
            "url": null,
            "count": 0,
            "disabled": true
          },
          {
            "name": "堀詰",
            "slug": null,
            "url": null,
            "count": 0,
            "disabled": true
          },
          {
            "name": "はりまや橋",
            "slug": "harimayabasi",
            "url": "https://haji-s.com/chugokushikoku/area_kochi/harimayabasi",
            "count": 1
          },
          {
            "name": "高知県その他",
            "slug": null,
            "url": null,
            "count": 0,
            "disabled": true
          },
          {
            "name": "その他",
            "slug": null,
            "url": null,
            "count": 0,
            "disabled": true
          }
        ]
      },
      {
        "name": "徳島県",
        "slug": "area_tokushima",
        "url": "https://haji-s.com/chugokushikoku/area_tokushima",
        "count": 5,
        "cities": [
          {
            "name": "徳島市",
            "slug": "tokushima",
            "url": "https://haji-s.com/chugokushikoku/area_tokushima/tokushima",
            "count": 4
          },
          {
            "name": "板野藍住",
            "slug": "itanoaizumi",
            "url": "https://haji-s.com/chugokushikoku/area_tokushima/itanoaizumi",
            "count": 1
          },
          {
            "name": "徳島県その他",
            "slug": null,
            "url": null,
            "count": 0,
            "disabled": true
          }
        ]
      },
      {
        "name": "香川県",
        "slug": "area_kagawa",
        "url": "https://haji-s.com/chugokushikoku/area_kagawa",
        "count": 22,
        "cities": [
          {
            "name": "高松市",
            "slug": "takamatsu",
            "url": "https://haji-s.com/chugokushikoku/area_kagawa/takamatsu",
            "count": 22
          },
          {
            "name": "瓦町",
            "slug": "kawaramati",
            "url": "https://haji-s.com/chugokushikoku/area_kagawa/kawaramati",
            "count": 1
          },
          {
            "name": "円座",
            "slug": null,
            "url": null,
            "count": 0,
            "disabled": true
          },
          {
            "name": "宇多津",
            "slug": null,
            "url": null,
            "count": 0,
            "disabled": true
          },
          {
            "name": "伏石",
            "slug": null,
            "url": null,
            "count": 0,
            "disabled": true
          },
          {
            "name": "丸亀",
            "slug": null,
            "url": null,
            "count": 0,
            "disabled": true
          },
          {
            "name": "潟元",
            "slug": "katamoto",
            "url": "https://haji-s.com/chugokushikoku/area_kagawa/katamoto",
            "count": 3
          },
          {
            "name": "屋島",
            "slug": "yasima",
            "url": "https://haji-s.com/chugokushikoku/area_kagawa/yasima",
            "count": 4
          },
          {
            "name": "三条",
            "slug": null,
            "url": null,
            "count": 0,
            "disabled": true
          },
          {
            "name": "片原町",
            "slug": null,
            "url": null,
            "count": 0,
            "disabled": true
          },
          {
            "name": "木太町",
            "slug": null,
            "url": null,
            "count": 0,
            "disabled": true
          },
          {
            "name": "善通寺市",
            "slug": null,
            "url": null,
            "count": 0,
            "disabled": true
          },
          {
            "name": "太田",
            "slug": null,
            "url": null,
            "count": 0,
            "disabled": true
          },
          {
            "name": "香川県その他",
            "slug": "kagawaetc",
            "url": "https://haji-s.com/chugokushikoku/area_kagawa/kagawaetc",
            "count": 1
          }
        ]
      },
      {
        "name": "島根県",
        "slug": "area_shimane",
        "url": "https://haji-s.com/chugokushikoku/area_shimane",
        "count": 4,
        "cities": [
          {
            "name": "島根",
            "slug": null,
            "url": null,
            "count": 0,
            "disabled": true
          },
          {
            "name": "その他",
            "slug": "sonota",
            "url": "https://haji-s.com/chugokushikoku/area_shimane/sonota",
            "count": 4
          }
        ]
      },
      {
        "name": "鳥取県",
        "slug": "area_tottori",
        "url": "https://haji-s.com/chugokushikoku/area_tottori",
        "count": 1,
        "cities": [
          {
            "name": "鳥取",
            "slug": null,
            "url": null,
            "count": 0,
            "disabled": true
          },
          {
            "name": "その他",
            "slug": "sonota",
            "url": "https://haji-s.com/chugokushikoku/area_tottori/sonota",
            "count": 1
          }
        ]
      },
      {
        "name": "山口県",
        "slug": "area_yamaguchi",
        "url": "https://haji-s.com/chugokushikoku/area_yamaguchi",
        "count": 14,
        "cities": [
          {
            "name": "周南市",
            "slug": "shunan",
            "url": "https://haji-s.com/chugokushikoku/area_yamaguchi/shunan",
            "count": 6
          },
          {
            "name": "山口市",
            "slug": "yamaguchi",
            "url": "https://haji-s.com/chugokushikoku/area_yamaguchi/yamaguchi",
            "count": 7
          },
          {
            "name": "宇部市",
            "slug": null,
            "url": null,
            "count": 0,
            "disabled": true
          },
          {
            "name": "下関市",
            "slug": "shimonoseki",
            "url": "https://haji-s.com/chugokushikoku/area_yamaguchi/shimonoseki",
            "count": 1
          },
          {
            "name": "山口県その他",
            "slug": "yamaguchietc",
            "url": "https://haji-s.com/chugokushikoku/area_yamaguchi/yamaguchietc",
            "count": 1
          },
          {
            "name": "その他",
            "slug": null,
            "url": null,
            "count": 0,
            "disabled": true
          }
        ]
      },
      {
        "name": "岡山県",
        "slug": "area_okayama",
        "url": "https://haji-s.com/chugokushikoku/area_okayama",
        "count": 39,
        "cities": [
          {
            "name": "岡山市",
            "slug": "okayama",
            "url": "https://haji-s.com/chugokushikoku/area_okayama/okayama",
            "count": 32
          },
          {
            "name": "倉敷市",
            "slug": "kurashiki",
            "url": "https://haji-s.com/chugokushikoku/area_okayama/kurashiki",
            "count": 9
          },
          {
            "name": "備前西市・西市",
            "slug": "bizennnisisi",
            "url": "https://haji-s.com/chugokushikoku/area_okayama/bizennnisisi",
            "count": 2
          },
          {
            "name": "津山市",
            "slug": null,
            "url": null,
            "count": 0,
            "disabled": true
          },
          {
            "name": "大供",
            "slug": null,
            "url": null,
            "count": 0,
            "disabled": true
          },
          {
            "name": "柳川",
            "slug": "yanagawa",
            "url": "https://haji-s.com/chugokushikoku/area_okayama/yanagawa",
            "count": 1
          },
          {
            "name": "神田町",
            "slug": null,
            "url": null,
            "count": 0,
            "disabled": true
          },
          {
            "name": "大雲寺前",
            "slug": "daiunnzimae",
            "url": "https://haji-s.com/chugokushikoku/area_okayama/daiunnzimae",
            "count": 1
          },
          {
            "name": "清輝橋",
            "slug": "seikibasi",
            "url": "https://haji-s.com/chugokushikoku/area_okayama/seikibasi",
            "count": 2
          },
          {
            "name": "大元",
            "slug": null,
            "url": null,
            "count": 0,
            "disabled": true
          },
          {
            "name": "野田",
            "slug": null,
            "url": null,
            "count": 0,
            "disabled": true
          },
          {
            "name": "新西大寺町筋",
            "slug": null,
            "url": null,
            "count": 0,
            "disabled": true
          },
          {
            "name": "岡山県その他",
            "slug": "okayamaetc",
            "url": "https://haji-s.com/chugokushikoku/area_okayama/okayamaetc",
            "count": 1
          }
        ]
      }
    ]
  },
  {
    "region": "kyusyuokinawa",
    "prefectures": [
      {
        "name": "福岡県",
        "slug": "area_fukuoka",
        "url": "https://haji-s.com/kyusyuokinawa/area_fukuoka",
        "count": 216,
        "cities": [
          {
            "name": "博多駅周辺",
            "slug": "hakata",
            "url": "https://haji-s.com/kyusyuokinawa/area_fukuoka/hakata",
            "count": 162
          },
          {
            "name": "中洲川端・春吉・住吉",
            "slug": "nakasu",
            "url": "https://haji-s.com/kyusyuokinawa/area_fukuoka/nakasu",
            "count": 12
          },
          {
            "name": "天神・大宮",
            "slug": "tenjin",
            "url": "https://haji-s.com/kyusyuokinawa/area_fukuoka/tenjin",
            "count": 13
          },
          {
            "name": "平尾・高宮・大橋",
            "slug": "horao",
            "url": "https://haji-s.com/kyusyuokinawa/area_fukuoka/horao",
            "count": 6
          },
          {
            "name": "赤坂・薬院・六本松",
            "slug": "akasaka",
            "url": "https://haji-s.com/kyusyuokinawa/area_fukuoka/akasaka",
            "count": 5
          },
          {
            "name": "大濠公園・港",
            "slug": null,
            "url": null,
            "count": 0,
            "disabled": true
          },
          {
            "name": "西新・唐人町・藤崎",
            "slug": null,
            "url": null,
            "count": 0,
            "disabled": true
          },
          {
            "name": "大宰府・大野城・筑紫野",
            "slug": null,
            "url": null,
            "count": 0,
            "disabled": true
          },
          {
            "name": "小倉・黒崎・八幡",
            "slug": "kokura",
            "url": "https://haji-s.com/kyusyuokinawa/area_fukuoka/kokura",
            "count": 31
          },
          {
            "name": "久留米・八女",
            "slug": "kurume",
            "url": "https://haji-s.com/kyusyuokinawa/area_fukuoka/kurume",
            "count": 15
          },
          {
            "name": "その他",
            "slug": "sonota",
            "url": "https://haji-s.com/kyusyuokinawa/area_fukuoka/sonota",
            "count": 7
          }
        ]
      },
      {
        "name": "佐賀県",
        "slug": "area_saga",
        "url": "https://haji-s.com/kyusyuokinawa/area_saga",
        "count": 10,
        "cities": [
          {
            "name": "佐賀市内",
            "slug": "saga",
            "url": "https://haji-s.com/kyusyuokinawa/area_saga/saga",
            "count": 10
          },
          {
            "name": "唐津",
            "slug": null,
            "url": null,
            "count": 0,
            "disabled": true
          },
          {
            "name": "鳥栖",
            "slug": null,
            "url": null,
            "count": 0,
            "disabled": true
          },
          {
            "name": "その他",
            "slug": null,
            "url": null,
            "count": 0,
            "disabled": true
          }
        ]
      },
      {
        "name": "長崎県",
        "slug": "area_nagasaki",
        "url": "https://haji-s.com/kyusyuokinawa/area_nagasaki",
        "count": 7,
        "cities": [
          {
            "name": "長崎市内",
            "slug": "nagasaki",
            "url": "https://haji-s.com/kyusyuokinawa/area_nagasaki/nagasaki",
            "count": 5
          },
          {
            "name": "佐世保",
            "slug": "sasebo",
            "url": "https://haji-s.com/kyusyuokinawa/area_nagasaki/sasebo",
            "count": 2
          },
          {
            "name": "観光通り",
            "slug": null,
            "url": null,
            "count": 0,
            "disabled": true
          },
          {
            "name": "思案橋",
            "slug": null,
            "url": null,
            "count": 0,
            "disabled": true
          },
          {
            "name": "長崎出張",
            "slug": null,
            "url": null,
            "count": 0,
            "disabled": true
          },
          {
            "name": "その他",
            "slug": null,
            "url": null,
            "count": 0,
            "disabled": true
          }
        ]
      },
      {
        "name": "熊本県",
        "slug": "area_kumamoto",
        "url": "https://haji-s.com/kyusyuokinawa/area_kumamoto",
        "count": 80,
        "cities": [
          {
            "name": "熊本市内",
            "slug": "komamoto",
            "url": "https://haji-s.com/kyusyuokinawa/area_kumamoto/komamoto",
            "count": 68
          },
          {
            "name": "美里木",
            "slug": null,
            "url": null,
            "count": 0,
            "disabled": true
          },
          {
            "name": "薬園町",
            "slug": null,
            "url": null,
            "count": 0,
            "disabled": true
          },
          {
            "name": "花畑町",
            "slug": null,
            "url": null,
            "count": 0,
            "disabled": true
          },
          {
            "name": "九品寺",
            "slug": "kuhintera",
            "url": "https://haji-s.com/kyusyuokinawa/area_kumamoto/kuhintera",
            "count": 1
          },
          {
            "name": "黒髪町",
            "slug": null,
            "url": null,
            "count": 0,
            "disabled": true
          },
          {
            "name": "市立体育館前",
            "slug": null,
            "url": null,
            "count": 0,
            "disabled": true
          },
          {
            "name": "水前寺",
            "slug": "suizenzi",
            "url": "https://haji-s.com/kyusyuokinawa/area_kumamoto/suizenzi",
            "count": 7
          },
          {
            "name": "慶徳校前",
            "slug": null,
            "url": null,
            "count": 0,
            "disabled": true
          },
          {
            "name": "西辛島町",
            "slug": null,
            "url": null,
            "count": 0,
            "disabled": true
          },
          {
            "name": "南熊本",
            "slug": "minamikumamoto",
            "url": "https://haji-s.com/kyusyuokinawa/area_kumamoto/minamikumamoto",
            "count": 1
          },
          {
            "name": "河原町",
            "slug": "kawaramati",
            "url": "https://haji-s.com/kyusyuokinawa/area_kumamoto/kawaramati",
            "count": 2
          },
          {
            "name": "その他",
            "slug": "sonota",
            "url": "https://haji-s.com/kyusyuokinawa/area_kumamoto/sonota",
            "count": 1
          },
          {
            "name": "国府",
            "slug": null,
            "url": null,
            "count": 0,
            "disabled": true
          },
          {
            "name": "八代",
            "slug": null,
            "url": null,
            "count": 0,
            "disabled": true
          }
        ]
      },
      {
        "name": "大分県",
        "slug": "area_oita",
        "url": "https://haji-s.com/kyusyuokinawa/area_oita",
        "count": 31,
        "cities": [
          {
            "name": "大分市内",
            "slug": "ooita",
            "url": "https://haji-s.com/kyusyuokinawa/area_oita/ooita",
            "count": 31
          },
          {
            "name": "別府",
            "slug": null,
            "url": null,
            "count": 0,
            "disabled": true
          },
          {
            "name": "牧",
            "slug": null,
            "url": null,
            "count": 0,
            "disabled": true
          },
          {
            "name": "その他",
            "slug": null,
            "url": null,
            "count": 0,
            "disabled": true
          }
        ]
      },
      {
        "name": "宮崎県",
        "slug": "area_miyazaki",
        "url": "https://haji-s.com/kyusyuokinawa/area_miyazaki",
        "count": 42,
        "cities": [
          {
            "name": "宮崎市内",
            "slug": "miyazaki",
            "url": "https://haji-s.com/kyusyuokinawa/area_miyazaki/miyazaki",
            "count": 33
          },
          {
            "name": "延岡",
            "slug": null,
            "url": null,
            "count": 0,
            "disabled": true
          },
          {
            "name": "都城",
            "slug": "miyakonojo",
            "url": "https://haji-s.com/kyusyuokinawa/area_miyazaki/miyakonojo",
            "count": 9
          },
          {
            "name": "その他",
            "slug": null,
            "url": null,
            "count": 0,
            "disabled": true
          }
        ]
      },
      {
        "name": "鹿児島県",
        "slug": "area_kagoshima",
        "url": "https://haji-s.com/kyusyuokinawa/area_kagoshima",
        "count": 81,
        "cities": [
          {
            "name": "鹿児島市",
            "slug": "kagoshima",
            "url": "https://haji-s.com/kyusyuokinawa/area_kagoshima/kagoshima",
            "count": 72
          },
          {
            "name": "国分・霧島",
            "slug": "kokubu",
            "url": "https://haji-s.com/kyusyuokinawa/area_kagoshima/kokubu",
            "count": 9
          },
          {
            "name": "川内",
            "slug": null,
            "url": null,
            "count": 0,
            "disabled": true
          },
          {
            "name": "高見馬場・高見橋",
            "slug": null,
            "url": null,
            "count": 0,
            "disabled": true
          },
          {
            "name": "いづろ通り",
            "slug": null,
            "url": null,
            "count": 0,
            "disabled": true
          },
          {
            "name": "甲東中学校前",
            "slug": null,
            "url": null,
            "count": 0,
            "disabled": true
          },
          {
            "name": "新屋敷",
            "slug": null,
            "url": null,
            "count": 0,
            "disabled": true
          },
          {
            "name": "中郡",
            "slug": null,
            "url": null,
            "count": 0,
            "disabled": true
          },
          {
            "name": "武之橋電停",
            "slug": null,
            "url": null,
            "count": 0,
            "disabled": true
          },
          {
            "name": "天文館",
            "slug": "tenmonkan",
            "url": "https://haji-s.com/kyusyuokinawa/area_kagoshima/tenmonkan",
            "count": 3
          },
          {
            "name": "その他",
            "slug": "sonota",
            "url": "https://haji-s.com/kyusyuokinawa/area_kagoshima/sonota",
            "count": 1
          }
        ]
      },
      {
        "name": "沖縄県",
        "slug": "area_okinawa",
        "url": "https://haji-s.com/kyusyuokinawa/area_okinawa",
        "count": 46,
        "cities": [
          {
            "name": "沖縄",
            "slug": "okinawa",
            "url": "https://haji-s.com/kyusyuokinawa/area_okinawa/okinawa",
            "count": 3
          },
          {
            "name": "那覇",
            "slug": "naha",
            "url": "https://haji-s.com/kyusyuokinawa/area_okinawa/naha",
            "count": 43
          },
          {
            "name": "呉屋",
            "slug": null,
            "url": null,
            "count": 0,
            "disabled": true
          },
          {
            "name": "美栄橋",
            "slug": null,
            "url": null,
            "count": 0,
            "disabled": true
          },
          {
            "name": "牧志",
            "slug": null,
            "url": null,
            "count": 0,
            "disabled": true
          },
          {
            "name": "旭橋",
            "slug": "asahibasi",
            "url": "https://haji-s.com/kyusyuokinawa/area_okinawa/asahibasi",
            "count": 1
          },
          {
            "name": "県庁前",
            "slug": "kenntixyoumae",
            "url": "https://haji-s.com/kyusyuokinawa/area_okinawa/kenntixyoumae",
            "count": 1
          },
          {
            "name": "その他",
            "slug": null,
            "url": null,
            "count": 0,
            "disabled": true
          }
        ]
      }
    ]
  }
]